course_title,num_subscribers,level,category,language,price,content_duration,add_certificate,price_Certificate,is_paid,plataforma
How to Learn Online,124980,Beginner,Education & Teacher Training,English,0,336,Si,49,No,edX
Programming for Everybody (Getting Started with Python),293864,Beginner,Computer Science,English,0,1176,Si,49,No,edX
CS50's Introduction to Computer Science,2442271,Beginner,Computer Science,English,0,2016,Si,90,No,edX
The Analytics Edge,129555,Intermediate,Data Analysis & Statistics,English,0,2184,Si,199,No,edX
Marketing Analytics: Marketing Measurement Strategy,81140,Beginner,Computer Science,English,0,672,Si,249,No,edX
Introduction to Project Management,301793,Beginner,Business & Management,English,0,1008,Si,199,No,edX
Leading High-Performing Teams,32847,Intermediate,Communication,English,0,1680,Si,5,No,edX
The Foundations of Happiness at Work,67073,Beginner,Business & Management,English,0,672,Si,199,No,edX
"Managing Study, Stress and Mental Health at University",23061,Beginner,Health & Safety,English,0,336,Si,49,No,edX
Six Sigma: Define and Measure,92411,Beginner,Business & Management,English,0,1344,Si,99,No,edX
Fat Chance: Probability from the Ground Up,66835,Beginner,Math,English,0,1176,Si,49,No,edX
Chasing your Dream: How to End Procrastination and Get a Job You Love,44711,Beginner,Communication,English,0,840,Si,49,No,edX
Bitcoin and Cryptocurrencies,83398,Beginner,Computer Science,English,0,1008,Si,99,No,edX
Ethics in Action,6366,Intermediate,Ethics,English,0,1680,Si,49,No,edX
Introduction to FinTech,72767,Beginner,Economics & Finance,English,0,1008,Si,199,No,edX
Data Science: R Basics,528782,Beginner,Data Analysis & Statistics,English,0,1344,Si,49,No,edX
Python Basics for Data Science,228809,Beginner,Data Analysis & Statistics,English,0,840,Si,39,No,edX
The Science of Beer,39085,Beginner,Food & Nutrition,English,0,1008,Si,49,No,edX
Strategic Social Media Marketing,103640,Expert,Business & Management,English,0,1008,Si,399,No,edX
CS50's Introduction to Artificial Intelligence with Python,258006,Beginner,Computer Science,English,0,1176,Si,199,No,edX
CS50's Introduction to Game Development,346748,Intermediate,Computer Science,English,0,2016,Si,149,No,edX
Rhetoric: The Art of Persuasive Writing and Public Speaking,320225,Beginner,Humanities,English,0,1344,Si,99,No,edX
CS50's Web Programming with Python and JavaScript,698950,Intermediate,Computer Science,English,0,2016,Si,90,No,edX
Contract Law: From Trust to Promise to Contract,414181,Intermediate,Business & Management,English,0,1344,Si,125,No,edX
"Fundamentals of Neuroscience, Part 1: The Electrical Properties of the Neuron",380167,Beginner,Biology & Life Sciences,English,0,840,Si,99,No,edX
Justice,392588,Beginner,Humanities,English,0,2016,Si,99,No,edX
Data Science: Machine Learning,276209,Beginner,Data Analysis & Statistics,English,0,1344,Si,49,No,edX
Child Protection: Children's Rights in Theory and Practice,212453,Beginner,Social Sciences,English,0,2688,Si,99,No,edX
IELTS Academic Test Preparation,1103777,Beginner,Communication,English,0,1344,Si,99,No,edX
The Architectural Imagination,406181,Beginner,Architecture,English,0,1680,Si,99,No,edX
TOEFL® Test Preparation: The Insider’s Guide,1022489,Beginner,Communication,English,0,1008,Si,49,No,edX
Principles of Biochemistry,257600,Intermediate,Medicine,English,0,2520,Si,199,No,edX
Using Python for Research,262183,Intermediate,Computer Science,English,0,2016,Si,99,No,edX
Hinduism Through Its Scriptures,140782,Beginner,Humanities,English,0,672,Si,99,No,edX
Basic Spanish 1: Getting Started,400169,Beginner,Communication,English,0,1176,Si,40,No,edX
The Health Effects of Climate Change,110024,Beginner,Environmental Studies,English,0,1176,Si,99,No,edX
Inglés básico: conversacional y networking,79671,Beginner,Business & Management,Spanish,0,672,Si,49,No,edX
Statistics and R,314586,Intermediate,Data Analysis & Statistics,English,0,672,Si,249,No,edX
Science & Cooking: From Haute Cuisine to Soft Matter Science (chemistry),145011,Beginner,Chemistry,English,0,2688,Si,199,No,edX
Pyramids of Giza: Ancient Egyptian Art and Archaeology,123870,Beginner,Art & Culture,English,0,1344,Si,99,No,edX
"PredictionX: Omens, Oracles & Prophecies",91566,Beginner,Social Sciences,English,0,168,Si,25,No,edX
Excel: Fundamentos y herramientas,284279,Beginner,Computer Science,Spanish,0,1344,Si,50,No,edX
Lessons from Ebola: Preventing the Next Pandemic,91983,Beginner,Social Sciences,English,0,672,Si,49,No,edX
Improving Global Health: Focusing on Quality and Safety,127353,Intermediate,Social Sciences,English,0,1680,Si,99,No,edX
CS50 for Lawyers,87336,Beginner,Computer Science,English,0,1680,Si,99,No,edX
Data Science: Visualization,171258,Beginner,Data Analysis & Statistics,English,0,1344,Si,49,No,edX
Christianity Through Its Scriptures,125051,Beginner,Humanities,English,0,672,Si,99,No,edX
The Science of Happiness,475614,Beginner,Social Sciences,English,0,1848,Si,169,No,edX
Leaders of Learning,231131,Beginner,Communication,English,0,1680,Si,99,No,edX
Exercising Leadership: Foundational Principles,57814,Beginner,Business & Management,English,0,672,Si,99,No,edX
Data Science: Probability,135859,Beginner,Data Analysis & Statistics,English,0,1344,Si,49,No,edX
Introduction to Data Wise: A Collaborative Process to Improve Learning & Teaching,117410,Intermediate,Education & Teacher Training,English,0,1680,Si,70,No,edX
"Prescription Drug Regulation, Cost, and Access: Current Controversies in Context",80082,Beginner,Medicine,English,0,1344,Si,99,No,edX
Introduction to Family Engagement in Education,105146,Beginner,Education & Teacher Training,English,0,1008,Si,70,No,edX
Italian Language and Culture: Beginner (2019-2020),182462,Beginner,Language,Italian,0,2016,Si,49,No,edX
Steps in Japanese for Beginners1 Part1,53630,Beginner,Language,English,0,840,Si,49,No,edX
How to Write an Essay,306787,Beginner,Humanities,English,0,840,Si,49,No,edX
Energy Within Environmental Constraints,95324,Beginner,Environmental Studies,English,0,1680,Si,99,No,edX
Introduction to Probability,97291,Intermediate,Data Analysis & Statistics,English,0,1680,Si,99,No,edX
AnatomyX: Musculoskeletal Cases,102075,Intermediate,Medicine,English,0,1176,Si,99,No,edX
Data Science: Inference and Modeling,88256,Beginner,Data Analysis & Statistics,English,0,1344,Si,49,No,edX
Strengthening Community Health Worker Programs,58626,Beginner,Health & Safety,English,0,1008,Si,79,No,edX
Buddhism Through Its Scriptures,182295,Beginner,Humanities,English,0,672,Si,99,No,edX
Introduction to Linux,642088,Beginner,Computer Science,English,0,2352,Si,199,No,edX
"Bioethics: The Law, Medicine, and Ethics of Reproductive Technologies and Genetics",81221,Beginner,Medicine,English,0,1680,Si,99,No,edX
Shakespeare's Life and Work,48938,Beginner,Humanities,English,0,672,Si,49,No,edX
Marketing Digital: Content & Community Manager,112623,Beginner,Communication,Spanish,0,840,Si,49,No,edX
Accounting and Finance,88243,Intermediate,Business & Management,English,0,1848,Si,150,No,edX
Computing in Python I: Fundamentals and Procedural Programming,141966,Beginner,Computer Science,English,0,840,Si,99,No,edX
"Nutrition, Exercise and Sports",51679,Intermediate,Food & Nutrition,English,0,1008,Si,49,No,edX
Becoming an Entrepreneur,104760,Beginner,Business & Management,English,0,1008,Si,69,No,edX
"Religion, Conflict and Peace",74060,Beginner,Humanities,English,0,1344,Si,49,No,edX
"Tangible Things: Discovering History Through Artworks, Artifacts, Scientific Specimens, and the Stuff Around You",61139,Beginner,Humanities,English,0,1680,Si,49,No,edX
Academic and Business Writing,322701,Beginner,Communication,English,0,1008,Si,49,No,edX
Data Science: Capstone,62803,Beginner,Data Analysis & Statistics,English,0,336,Si,99,No,edX
Basics of Computing and Programming,37045,Beginner,Computer Science,English,0,1512,Si,200,No,edX
"Fundamentals of Neuroscience, Part 2: Neurons and Networks",84874,Beginner,Biology & Life Sciences,English,0,1008,Si,99,No,edX
Successful Negotiation: Essential Strategies and Skills,31369,Beginner,Business & Management,English,0,1176,Si,49,No,edX
Data Science: Linear Regression,75310,Beginner,Data Analysis & Statistics,English,0,1344,Si,49,No,edX
HTML5 and CSS Fundamentals,335895,Beginner,Computer Science,English,0,1008,Si,199,No,edX
Data Science: Productivity Tools,66683,Beginner,Data Analysis & Statistics,English,0,1344,Si,49,No,edX
Introduction to Corporate Finance,98093,Beginner,Business & Management,English,0,672,Si,225,No,edX
Computer Science 101,39540,Beginner,Computer Science,English,0,1008,Si,149,No,edX
Data Science: Wrangling,64584,Beginner,Data Analysis & Statistics,English,0,1344,Si,49,No,edX
A Hands-on Introduction to Engineering Simulations,187138,Intermediate,Engineering,English,0,1008,Si,199,No,edX
AI for Everyone: Master the Basics,49340,Beginner,Computer Science,English,0,672,Si,49,No,edX
The Psychology of Criminal Justice,110086,Beginner,Humanities,English,0,1344,Si,99,No,edX
Machine Learning with Python: A Practical Introduction,80161,Beginner,Data Analysis & Statistics,English,0,840,Si,39,No,edX
Analyzing Data with Python,94079,Beginner,Data Analysis & Statistics,English,0,840,Si,39,No,edX
Excel: gestión de datos,111785,Intermediate,Computer Science,Spanish,0,1008,Si,75,No,edX
Probability - The Science of Uncertainty and Data,205615,Expert,Data Analysis & Statistics,English,0,2688,Si,300,No,edX
"Fundamentals of Neuroscience, Part 3: The Brain",85034,Beginner,Biology & Life Sciences,English,0,1344,Si,99,No,edX
Sikhism Through Its Scriptures,44125,Beginner,Humanities,English,0,672,Si,99,No,edX
Upper-Intermediate English: Business and Modern Life,77991,Intermediate,Language,English,0,672,Si,50,No,edX
Religious Literacy: Traditions and Scriptures,96972,Beginner,Humanities,English,0,672,Si,99,No,edX
Programación para todos (empezando con Python),81004,Beginner,Computer Science,Spanish,0,1176,Si,49,No,edX
Analyzing and Visualizing Data with Power BI,28879,Beginner,Data Analysis & Statistics,English,0,672,Si,99,No,edX
High-Dimensional Data Analysis,78443,Expert,Data Analysis & Statistics,English,0,672,Si,149,No,edX
Introduction To Music Theory,67029,Beginner,Humanities,English,0,1008,Si,49,No,edX
Human Anatomy,126850,Beginner,Medicine,English,0,1344,Si,139,No,edX
"CitiesX: The Past, Present and Future of Urban Life",76874,Beginner,Social Sciences,English,0,1848,Si,99,No,edX
The Path to Happiness: What Chinese Philosophy Teaches us about the Good Life,24208,Beginner,Philosophy & Ethics,English,0,2184,Si,99,No,edX
Entrepreneurship 101: Who is your customer?,41838,Beginner,Business & Management,English,0,1680,Si,49,No,edX
"U.S. Public Policy: Social, Economic, and Foreign Policies",44045,Beginner,Social Sciences,English,0,672,Si,49,No,edX
Machine Learning with Python: from Linear Models to Deep Learning,85561,Expert,Computer Science,English,0,2520,Si,300,No,edX
Introduction to Data Science,43766,Beginner,Data Analysis & Statistics,English,0,1008,Si,39,No,edX
Circuits and Electronics 1: Basic Circuit Analysis,52639,Beginner,Electronics,English,0,840,Si,169,No,edX
Introduction to Investments,91788,Intermediate,Business & Management,English,0,840,Si,50,No,edX
Improving Your Business Through a Culture of Health,54136,Beginner,Business & Management,English,0,1512,Si,99,No,edX
Introduction to Linear Models and Matrix Algebra,92004,Intermediate,Math,English,0,672,Si,149,No,edX
DO Your Venture: Entrepreneurship For Everyone,61989,Beginner,Business & Management,English,0,1008,Si,150,No,edX
El valor de la creatividad y la innovación: La Economía Naranja,23728,Beginner,Art & Culture,Spanish,0,1344,Si,25,No,edX
Humanitarian Response to Conflict and Disaster,119891,Beginner,Health & Safety,English,0,840,Si,99,No,edX
"Women Making History: Ten Objects, Many Stories",38939,Beginner,History,English,0,1344,Si,99,No,edX
Masterpieces of World Literature,88789,Beginner,Literature,English,0,2016,Si,149,No,edX
SQL for Data Science,39184,Beginner,Data Analysis & Statistics,English,0,672,Si,39,No,edX
El cerebro y las emociones en el lenguaje,41279,Beginner,Communication,Spanish,0,840,Si,49,No,edX
Science & Cooking: From Haute Cuisine to Soft Matter Science (physics),62673,Beginner,Physics,English,0,2688,Si,169,No,edX
Python: aprender a programar,21613,Beginner,Computer Science,Spanish,0,1344,Si,49,No,edX
Marketing Analytics: Competitive Analysis and Market Segmentation,70682,Intermediate,Computer Science,English,0,672,Si,249,No,edX
MalariaX: Defeating Malaria from the Genes to the Globe,37598,Intermediate,Biology & Life Sciences,English,0,1344,Si,49,No,edX
Entrepreneurship in Emerging Economies,113602,Beginner,Business & Management,English,0,1008,Si,125,No,edX
JavaScript Introduction,160112,Beginner,Computer Science,English,0,840,Si,199,No,edX
People Management,113592,Beginner,Business & Management,English,0,1008,Si,150,No,edX
Using Email for Networking in English,57208,Beginner,Language,English,0,672,Si,149,No,edX
Databases: Relational Databases and SQL,20502,Beginner,Computer Science,English,0,336,Si,50,No,edX
C Programming: Getting Started,104108,Beginner,Computer Science,English,0,1176,Si,49,No,edX
Supply Chain Analytics,145049,Beginner,Business & Management,English,0,2520,Si,199,No,edX
Programming for the Web with JavaScript,91406,Intermediate,Computer Science,English,0,672,Si,149,No,edX
Introduction to Digital Humanities,37501,Beginner,Humanities,English,0,1176,Si,99,No,edX
Upper-Intermediate English: Business and Industry,103704,Intermediate,Language,English,0,672,Si,50,No,edX
EmSAT English Preparation - Level 1,29101,Beginner,Language,English,0,1008,Si,49,No,edX
Python for Data Science,266978,Expert,Data Analysis & Statistics,English,0,1680,Si,350,No,edX
Empathy and Emotional Intelligence at Work,45867,Beginner,Business & Management,English,0,672,Si,199,No,edX
Design Thinking and Creativity for Innovation,47549,Intermediate,Business & Management,English,0,1680,Si,5,No,edX
China and Communism,69104,Beginner,History,English,0,2520,Si,139,No,edX
Mandarin Chinese Level 1,56040,Beginner,Language,English,0,1008,Si,149,No,edX
Introduction to Biology - The Secret of Life,147512,Beginner,Biology & Life Sciences,English,0,2688,Si,150,No,edX
Photoshop: una herramienta para presentaciones innovadoras,22969,Beginner,Art & Culture,Spanish,0,840,Si,19,No,edX
Causal Diagrams: Draw Your Assumptions Before Your Conclusions,50949,Beginner,Data Analysis & Statistics,English,0,1512,Si,99,No,edX
生活英语听说 | Conversational English Skills,301585,Beginner,Communication,English,0,1680,Si,49,No,edX
Shakespeare’s Othello: The Moor,31868,Beginner,Humanities,English,0,672,Si,49,No,edX
Basic Spanish 2: One Step Further,67687,Beginner,Language,English,0,672,Si,50,No,edX
Financial Market Analysis,37452,Intermediate,Economics & Finance,English,0,1176,Si,25,No,edX
CS50's Computer Science for Business Professionals,73208,Beginner,Computer Science,English,0,1008,Si,90,No,edX
Gobierno Digital,18883,Beginner,Social Sciences,Spanish,0,1344,Si,25,No,edX
Upper-Intermediate English: Business and Globalization,58532,Intermediate,Language,English,0,672,Si,50,No,edX
The Opioid Crisis in America,54805,Beginner,Medicine,English,0,1680,Si,99,No,edX
Gestión de Proyectos de Desarrollo,306286,Beginner,Business & Management,Spanish,0,1680,Si,49,No,edX
Statistical Learning,27968,Beginner,Data Analysis & Statistics,English,0,1512,Si,50,No,edX
Introduction to Social Psychology,79365,Beginner,Humanities,English,0,1176,Si,99,No,edX
Artificial Intelligence (AI),265104,Expert,Computer Science,English,0,2016,Si,249,No,edX
American Government: Constitutional Foundations,35504,Beginner,Social Sciences,English,0,672,Si,49,No,edX
Introducción a la inversión bursátil,64261,Beginner,Economics & Finance,Spanish,0,336,Si,50,No,edX
Japanese Books: From Manuscript to Print,17581,Beginner,Art & Culture,English,0,1512,Si,100,No,edX
Foundations of Modern Finance  I,24108,Expert,Economics & Finance,English,0,2016,Si,450,No,edX
Operations Management,126093,Intermediate,Business & Management,English,0,1176,Si,150,No,edX
Marketing Management,80010,Intermediate,Business & Management,English,0,1512,Si,150,No,edX
Marketing enfocado en la estrategia de servicios,24618,Beginner,Business & Management,Spanish,0,1008,Si,119,No,edX
Introduction to Marketing,169126,Beginner,Business & Management,English,0,1008,Si,150,No,edX
Programming Basics,215059,Beginner,Computer Science,English,0,1512,Si,149,No,edX
Probability and Statistics in Data Science using Python,106286,Expert,Data Analysis & Statistics,English,0,1680,Si,350,No,edX
HTML5 Coding Essentials and Best Practices,241287,Intermediate,Computer Science,English,0,1008,Si,199,No,edX
First Nights - Beethoven's 9th Symphony and the 19th Century Orchestra,37426,Beginner,Humanities,English,0,504,Si,49,No,edX
Cell Biology: Mitochondria,64142,Beginner,Biology & Life Sciences,English,0,672,Si,99,No,edX
"Algorithms: Design and Analysis, Part 1",20163,Intermediate,Computer Science,English,0,1008,Si,149,No,edX
Introducción al Office 365,16470,Beginner,Computer Science,Spanish,0,1176,Si,75,No,edX
Creative Thinking: Techniques and Tools for Success,54787,Beginner,Humanities,English,0,1176,Si,49,No,edX
Upper-Intermediate English: Business and Technology,47451,Intermediate,Language,English,0,672,Si,50,No,edX
Shakespeare's Hamlet: The Ghost,38331,Beginner,Humanities,English,0,672,Si,49,No,edX
FlashDiet: Aprende a comer sano,48105,Beginner,Food & Nutrition,Spanish,0,840,Si,50,No,edX
CS50's Understanding Technology,50030,Beginner,Computer Science,English,0,1008,Si,90,No,edX
Introduction to Aerospace Structures and Materials,37126,Beginner,Engineering,English,0,1344,Si,50,No,edX
Visualizing Data with Python,42101,Intermediate,Data Analysis & Statistics,English,0,840,Si,39,No,edX
Success: Practical Thinking Skills,24414,Beginner,Philosophy & Ethics,English,0,672,Si,50,No,edX
English for Doing Business in Asia – Speaking,68422,Beginner,Humanities,English,0,1176,Si,60,No,edX
Nutrition and Health: Macronutrients and Overnutrition,208582,Beginner,Biology & Life Sciences,English,0,1512,Si,99,No,edX
"Contemporary China: The People's Republic, Taiwan, and Hong Kong",66771,Beginner,History,English,0,2520,Si,139,No,edX
Introduction to Clinical Psychology,57234,Beginner,Humanities,English,0,1176,Si,99,No,edX
Modern Masterpieces of World Literature,48049,Beginner,Literature,English,0,1344,Si,99,No,edX
"Citizen Politics in America: Public Opinion, Elections, Interest Groups, and the Media",24259,Beginner,Social Sciences,English,0,672,Si,49,No,edX
Applied Scrum for Agile Project Management,55293,Expert,Engineering,English,0,672,Si,199,No,edX
Corporate Finance,62798,Intermediate,Business & Management,English,0,840,Si,150,No,edX
Judaism Through Its Scriptures,50540,Beginner,Humanities,English,0,672,Si,99,No,edX
Excel avanzado: importación y análisis de datos,47184,Expert,Data Analysis & Statistics,Spanish,0,1344,Si,75,No,edX
CSS Basics,95163,Beginner,Computer Science,English,0,840,Si,199,No,edX
Unlocking Information Security: Part I,19905,Intermediate,Computer Science,English,0,1008,Si,149,No,edX
Becoming an Effective Leader,55937,Intermediate,Communication,English,0,1680,Si,99,No,edX
Digital Branding and Engagement,122977,Intermediate,Communication,English,0,672,Si,99,No,edX
Introduction to Cybersecurity,73021,Beginner,Computer Science,English,0,1008,Si,199,No,edX
General Academic English|生活英语进阶,17526,Beginner,Language,English,0,1344,Si,49,No,edX
Gestión de personas: Recursos Humanos,19687,Beginner,Business & Management,Spanish,0,840,Si,119,No,edX
From Poverty to Prosperity: Understanding Economic Development,91062,Intermediate,Social Sciences,English,0,1008,Si,149,No,edX
Medical Terminology,31354,Beginner,Biology & Life Sciences,English,0,1344,Si,79,No,edX
Ancient Masterpieces of World Literature,48899,Beginner,Literature,English,0,1008,Si,99,No,edX
Shakespeare's The Merchant of Venice: Shylock,23283,Beginner,Humanities,English,0,672,Si,49,No,edX
Gestión del estrés y Mindfulness,15965,Beginner,Health & Safety,Spanish,0,672,Si,49,No,edX
Behavioural Economics in Action,66764,Beginner,Business & Management,English,0,1008,Si,139,No,edX
Finance for Everyone: Smart Tools for Decision-Making,45029,Beginner,Business & Management,English,0,1008,Si,49,No,edX
Creating Innovative Business Models,12227,Beginner,Business & Management,English,0,672,Si,149,No,edX
u.lab: Leading From the Emerging Future,79424,Beginner,Business & Management,English,0,2352,Si,99,No,edX
Electric Cars: Introduction,56171,Intermediate,Engineering,English,0,672,Si,50,No,edX
Inteligencia Artificial para todos: Domina los fundamentos,11764,Beginner,Computer Science,Spanish,0,672,Si,49,No,edX
Marketing Analytics,55228,Expert,Business & Management,English,0,2016,Si,249,No,edX
Introducción a la Regulación Emocional basada en Mindfulness,20634,Beginner,Health & Safety,Spanish,0,672,Si,49,No,edX
Design Thinking Fundamentals,56446,Intermediate,Business & Management,English,0,1008,Si,299,No,edX
Basic Spanish 3: Getting there,17569,Beginner,Language,English,0,672,Si,50,No,edX
Mi propia huerta orgánica,11346,Beginner,Biology & Life Sciences,Spanish,0,672,Si,29,No,edX
Sustainability in Architecture: An Interdisciplinary Introduction,31352,Intermediate,Architecture,English,0,672,Si,50,No,edX
Gestión de riesgos en proyectos de desarrollo,47676,Intermediate,Business & Management,Spanish,0,1680,Si,25,No,edX
Python Data Structures,36369,Beginner,Computer Science,English,0,1176,Si,49,No,edX
The Science and Business of Biotechnology,17039,Intermediate,Business & Management,English,0,2688,Si,49,No,edX
Finance Essentials,63666,Beginner,Business & Management,English,0,1008,Si,79,No,edX
Introduction to the Internet of Things (IoT),89421,Beginner,Computer Science,English,0,1008,Si,149,No,edX
'Talk to me': Improving mental health and suicide prevention in young adults,11481,Beginner,Health & Safety,English,0,1008,Si,139,No,edX
Disaster Medicine Training,10937,Beginner,Medicine,English,0,1344,Si,50,No,edX
Nutrition and Health: Human Microbiome,44079,Beginner,Health & Safety,English,0,1008,Si,49,No,edX
Customer Relationship Management,53085,Intermediate,Business & Management,English,0,1008,Si,50,No,edX
Islam Through Its Scriptures,65430,Beginner,Humanities,English,0,672,Si,99,No,edX
Mechatronics Revolution: Fundamentals and Core Concepts,11619,Beginner,Engineering,English,0,2688,Si,149,No,edX
Accounting for Decision-Making,57710,Intermediate,Business & Management,English,0,1176,Si,150,No,edX
C Programming: Language Foundations,46400,Beginner,Computer Science,English,0,1176,Si,49,No,edX
Big Data sin misterios,65564,Intermediate,Data Analysis & Statistics,Spanish,0,1680,Si,25,No,edX
Becoming a Successful Leader (Inclusive Leadership Training),215705,Beginner,Communication,English,0,672,Si,49,No,edX
"English for Journalists, Part 1",50847,Intermediate,Communication,English,0,840,Si,139,No,edX
Introduction to Networking,16134,Beginner,Computer Science,English,0,1176,Si,150,No,edX
Accounting Essentials,58463,Beginner,Business & Management,English,0,1008,Si,79,No,edX
Introduction to Java Programming: Starting to code in Java,325554,Beginner,Computer Science,English,0,840,Si,149,No,edX
European Paintings: From Leonardo to Rembrandt to Goya,60734,Beginner,Humanities,English,0,1176,Si,99,No,edX
Java Programming Fundamentals,12042,Intermediate,Engineering,English,0,840,Si,49,No,edX
"Hollywood: History, Industry, Art",50033,Beginner,Communication,English,0,672,Si,169,No,edX
Data Science Tools,15627,Beginner,Data Analysis & Statistics,English,0,1176,Si,39,No,edX
Statistical Thinking for Data Science and Analytics,198861,Beginner,Computer Science,English,0,840,Si,99,No,edX
Philosophy and Critical Thinking,97175,Beginner,Humanities,English,0,1008,Si,99,No,edX
International Law,91868,Expert,Law,English,0,2016,Si,150,No,edX
Tourism and Travel Management,38503,Beginner,Business & Management,English,0,1176,Si,5,No,edX
Project Management Life Cycle,120019,Intermediate,Business & Management,English,0,1680,Si,150,No,edX
Solar Energy,125069,Beginner,Engineering,English,0,1344,Si,50,No,edX
Public Speaking,10129,Beginner,Communication,English,0,504,Si,199,No,edX
Japanese Pronunciation for Communication,62757,Beginner,Communication,Japanese,0,840,Si,99,No,edX
Mindfulness and Resilience to Stress at Work,33414,Beginner,Business & Management,English,0,672,Si,199,No,edX
Framing Your Communication to Inspire and Convince,49351,Intermediate,Business & Management,English,0,840,Si,125,No,edX
Business Foundations,55154,Beginner,Business & Management,English,0,1008,Si,150,No,edX
The Chemistry of Life,78704,Beginner,Biology & Life Sciences,English,0,2184,Si,49,No,edX
Nutrition and Health: Micronutrients and Malnutrition,78266,Intermediate,Biology & Life Sciences,English,0,1176,Si,99,No,edX
Digital Design,12339,Beginner,Design,English,0,840,Si,50,No,edX
Machine Learning for Data Science and Analytics,140419,Beginner,Computer Science,English,0,840,Si,99,No,edX
The Science of Everyday Thinking,318399,Beginner,Business & Management,English,0,2016,Si,99,No,edX
Gestion de projets de développement,41663,Intermediate,Business & Management,French,0,1680,Si,25,No,edX
Product Management Fundamentals,11913,Beginner,Business & Management,English,0,672,Si,199,No,edX
International Human Rights Law,74424,Expert,Law,English,0,2016,Si,150,No,edX
The Best Start in Life: Early Childhood Development for Sustainable Development,23139,Intermediate,Education & Teacher Training,English,0,1344,Si,49,No,edX
Data Science and Machine Learning Capstone Project,21809,Intermediate,Data Analysis & Statistics,English,0,1008,Si,99,No,edX
"Data Science for Construction, Architecture and Engineering",11113,Beginner,Data Analysis & Statistics,English,0,1176,Si,199,No,edX
"Nutrition, Heart Disease and Diabetes",24986,Intermediate,Food & Nutrition,English,0,840,Si,99,No,edX
Project Management for Development,62099,Intermediate,Business & Management,English,0,1680,Si,49,No,edX
Introduction to Cloud Infrastructure Technologies,86923,Beginner,Computer Science,English,0,2352,Si,169,No,edX
"Circular Fashion: Design, Science and Value in a Sustainable Clothing Industry",13566,Beginner,Art & Culture,English,0,840,Si,65,No,edX
Machine Learning,150855,Expert,Computer Science,English,0,2016,Si,249,No,edX
Introducción a la gestión de proyectos,98517,Beginner,Business & Management,Spanish,0,840,Si,50,No,edX
Free Cash Flow Analysis,36085,Beginner,Business & Management,English,0,840,Si,225,No,edX
Lean Production,55926,Beginner,Business & Management,English,0,1008,Si,99,No,edX
Introduction to Algebra,131197,Beginner,Math,English,0,672,Si,139,No,edX
"LaTeX for Students, Engineers, and Scientists",11823,Beginner,Engineering,English,0,1176,Si,139,No,edX
Leading With Effective Communication (Inclusive Leadership Training),107770,Beginner,Communication,English,0,672,Si,50,No,edX
Anatomy: Musculoskeletal and Integumentary Systems,51969,Beginner,Biology & Life Sciences,English,0,672,Si,49,No,edX
"Inglés empresarial: ventas, gestión y liderazgo",10897,Beginner,Business & Management,English,0,672,Si,49,No,edX
Business Strategy from Wharton: Competitive Advantage,26675,Intermediate,Business & Management,English,0,1008,Si,199,No,edX
Inteligencia emocional para el liderazgo efectivo y colaboración,14726,Beginner,Social Sciences,Spanish,0,672,Si,49,No,edX
Introducción al desarrollo de aplicaciones web,27757,Beginner,Computer Science,Spanish,0,840,Si,49,No,edX
"Six Sigma: Analyze, Improve, Control",56016,Beginner,Business & Management,English,0,1344,Si,99,No,edX
Introducción a la inteligencia emocional,18830,Beginner,Social Sciences,Spanish,0,672,Si,49,No,edX
AP® Microeconomics,53664,Beginner,Economics & Finance,English,0,2016,Si,49,No,edX
Engineering Calculus and Differential Equations,21535,Beginner,Math,English,0,1008,Si,50,No,edX
Linear Algebra - Foundations to Frontiers,88570,Intermediate,Computer Science,English,0,2520,Si,49,No,edX
Habilidades de negociación y comunicación efectiva,19614,Beginner,Business & Management,Spanish,0,672,Si,149,No,edX
Effective Communication for Today's Leader,8862,Intermediate,Business & Management,English,0,672,Si,149,No,edX
Electric Cars: Technology,40972,Intermediate,Engineering,English,0,672,Si,50,No,edX
Site Planning Online,12948,Intermediate,Design,English,0,1680,Si,99,No,edX
Macroeconometric Forecasting,69358,Intermediate,Economics & Finance,English,0,1512,Si,25,No,edX
Administración pública y fiscal: cómo se gestiona un gobierno,49189,Beginner,Economics & Finance,Spanish,0,1680,Si,25,No,edX
Fundamentals of Red Hat Enterprise Linux,53788,Beginner,Computer Science,English,0,1512,Si,99,No,edX
Algorithms,61722,Intermediate,Computer Science,English,0,1008,Si,149,No,edX
Calculus Applied!,54976,Intermediate,Math,English,0,1680,Si,99,No,edX
Precalculus,55576,Intermediate,Math,English,0,2520,Si,49,No,edX
Fundamentos de anatomía y técnica quirúrgica básica,12133,Beginner,Medicine,Spanish,0,672,Si,49,No,edX
Business Communications,60713,Beginner,Business & Management,English,0,1008,Si,150,No,edX
Italian Language and Culture: Intermediate (2019-2020),35058,Intermediate,Language,Italian,0,2016,Si,49,No,edX
International Women's Health and Human Rights,9796,Beginner,Social Sciences,English,0,1680,Si,50,No,edX
Blockchain: Understanding Its Uses and Implications,66769,Beginner,Business & Management,English,0,2352,Si,199,No,edX
"A-level Mathematics for Year 12 - Course 1: Algebraic Methods, Graphs and Applied Mathematics Methods",22366,Intermediate,Math,English,0,1176,Si,49,No,edX
Blockchain Technology,55376,Intermediate,Computer Science,English,0,1008,Si,99,No,edX
Basics of Power BI,8314,Beginner,Data Analysis & Statistics,English,0,336,Si,49,No,edX
Preparing to Network in English,34337,Beginner,Language,English,0,1008,Si,149,No,edX
Mandarin Chinese Essentials,36665,Beginner,Language,English,0,840,Si,99,No,edX
Human Rights: The Rights of Refugees,84270,Beginner,Humanities,English,0,504,Si,49,No,edX
What do Architects and Urban Planners do?,11046,Beginner,Architecture,English,0,504,Si,49,No,edX
"U.S. Political Institutions: Congress, Presidency, Courts, and Bureaucracy",22723,Beginner,Social Sciences,English,0,672,Si,49,No,edX
Negotiation Skills and Effective Communication,8146,Intermediate,Business & Management,English,0,672,Si,149,No,edX
AP® English Literature & Composition – Part 1: Stories,15650,Beginner,Humanities,English,0,1176,Si,49,No,edX
"Viruses & How to Beat Them: Cells, Immunity, Vaccines",28710,Beginner,Medicine,English,0,1176,Si,149,No,edX
Alianzas: un vehículo para lograr el desarrollo sostenible,17554,Beginner,Social Sciences,Spanish,0,1680,Si,25,No,edX
Designing and Creating Skirts,13954,Beginner,Design,English,0,840,Si,99,No,edX
Cómo Aprender Online,7958,Beginner,Education & Teacher Training,Spanish,0,336,Si,49,No,edX
Computing in Python II: Control Structures,31511,Beginner,Computer Science,English,0,840,Si,99,No,edX
Facebook Ads: Cómo utilizar el poder de la publicidad en Facebook,29614,Beginner,Communication,Spanish,0,840,Si,49,No,edX
Machine Learning Fundamentals,82008,Expert,Data Analysis & Statistics,English,0,1680,Si,350,No,edX
Pre-University Calculus,103224,Beginner,Math,English,0,1344,Si,50,No,edX
Tsinghua Chinese: Start Talking with 1.3 Billion People,58834,Beginner,Language,English,0,1008,Si,49,No,edX
Deep Learning with Python and PyTorch,36195,Intermediate,Data Analysis & Statistics,English,0,1008,Si,99,No,edX
Diseña presentaciones eficaces con Powerpoint,36663,Beginner,Computer Science,Spanish,0,504,Si,50,No,edX
World of Wine: From Grape to Glass,81839,Beginner,Science,English,0,1008,Si,199,No,edX
Sustainable Cities,16619,Intermediate,Environmental Studies,English,0,1512,Si,49,No,edX
Introduction to Developmental Psychology,38060,Beginner,Humanities,English,0,1344,Si,99,No,edX
Creativity & Entrepreneurship,69413,Beginner,Business & Management,English,0,672,Si,49,No,edX
College Algebra and Problem Solving,103010,Beginner,Math,English,0,2520,Si,49,No,edX
Academic writing for clarity and meaning,16220,Beginner,Education & Teacher Training,English,0,336,Si,49,No,edX
Financial Development and Financial Inclusion,13853,Intermediate,Economics & Finance,English,0,1176,Si,25,No,edX
Global Public Health,17273,Intermediate,Health & Safety,English,0,1680,Si,49,No,edX
Embedded Systems - Shape The World: Microcontroller Input/Output,69182,Intermediate,Computer Science,English,0,1344,Si,49,No,edX
Introduction to Animal Behaviour,42135,Beginner,Biology & Life Sciences,English,0,1008,Si,49,No,edX
Circular Economy: An Introduction,50240,Beginner,Business & Management,English,0,1176,Si,50,No,edX
Public Financial Management,23288,Intermediate,Economics & Finance,English,0,1344,Si,25,No,edX
Anatomy: Human Neuroanatomy,49319,Beginner,Biology & Life Sciences,English,0,1344,Si,49,No,edX
Android: Introducción a la Programación,85786,Beginner,Computer Science,Spanish,0,1680,Si,50,No,edX
The Ancient Greek Hero,51744,Beginner,Humanities,English,0,3024,Si,99,No,edX
Agile Leadership Principles and Practices,31838,Expert,Engineering,English,0,672,Si,199,No,edX
How to Code: Simple Data,98113,Beginner,Computer Science,English,0,1176,Si,125,No,edX
Cybersecurity and Privacy in the IoT,21440,Beginner,Computer Science,English,0,840,Si,199,No,edX
Strategic Management,71085,Beginner,Business & Management,English,0,840,Si,150,No,edX
Introducción a la ciencia de datos y sus aplicaciones,7303,Beginner,Data Analysis & Statistics,Spanish,0,1008,Si,39,No,edX
"Biochemistry: Biomolecules, Methods, and Mechanisms",18692,Intermediate,Biology & Life Sciences,English,0,2016,Si,150,No,edX
Astronomía Virtual,10500,Beginner,Science,Spanish,0,1176,Si,29,No,edX
Nutrition and Cancer,27144,Intermediate,Food & Nutrition,English,0,840,Si,99,No,edX
Build your very first iOS app,31570,Beginner,Computer Science,English,0,1344,Si,149,No,edX
Object-Oriented Programming,93633,Beginner,Computer Science,English,0,672,Si,149,No,edX
Introduction to Jenkins,7233,Beginner,Computer Science,English,0,1680,Si,199,No,edX
Conducting an Informational Interview,15594,Beginner,Language,English,0,1344,Si,99,No,edX
Liderazgo y comportamiento organizacional,21419,Beginner,Business & Management,Spanish,0,672,Si,149,No,edX
Creative Coding,18660,Beginner,Design,English,0,2352,Si,249,No,edX
Análisis estadístico con Excel,22717,Beginner,Data Analysis & Statistics,Spanish,0,672,Si,49,No,edX
Introducción a la Ingeniería del Software,17931,Beginner,Computer Science,Spanish,0,840,Si,49,No,edX
Computer Graphics,98553,Intermediate,Computer Science,English,0,1008,Si,99,No,edX
Data Science: Computational Thinking with Python,78232,Beginner,Computer Science,English,0,840,Si,199,No,edX
Comunicación efectiva para el líder actual,18470,Beginner,Communication,Spanish,0,672,Si,149,No,edX
Debate y argumentación,10954,Beginner,Humanities,Spanish,0,672,Si,49,No,edX
Deep Learning with Tensorflow,37564,Intermediate,Data Analysis & Statistics,English,0,840,Si,99,No,edX
Machine Learning (aprendizaje automático) con Python: una introducción práctica,39155,Beginner,Computer Science,Spanish,0,840,Si,49,No,edX
Essential Human Biology: Cells and Tissues,67961,Beginner,Medicine,English,0,840,Si,169,No,edX
"Writing, Presenting and Submitting Scientific Papers in English | 英文科技论文写作与学术报告",35720,Intermediate,Communication,English,0,840,Si,49,No,edX
Computing in Python III: Data Structures,27239,Beginner,Computer Science,English,0,840,Si,99,No,edX
Introduction to Internet of Things (IoT),6703,Beginner,Data Analysis & Statistics,English,0,336,Si,49,No,edX
Nutrition and Health: Food Risks,51493,Beginner,Biology & Life Sciences,English,0,1344,Si,49,No,edX
Mechanics: Kinematics and Dynamics,35529,Intermediate,Physics,English,0,2016,Si,49,No,edX
Storytelling for Social Change,30313,Beginner,Communication,English,0,840,Si,49,No,edX
Introduction to Data Analytics for Managers,39113,Beginner,Business & Management,English,0,1008,Si,49,No,edX
Qualitative Research Methods: Conversational Interviewing,21972,Intermediate,Humanities,English,0,504,Si,49,No,edX
International Project Management,45145,Expert,Business & Management,English,0,1512,Si,150,No,edX
Software Development Fundamentals,51402,Intermediate,Computer Science,English,0,672,Si,149,No,edX
"First Nights - Stravinsky’s Rite of Spring: Modernism, Ballet, and Riots",17484,Beginner,Humanities,English,0,504,Si,49,No,edX
Critical Thinking & Problem Solving,6558,Beginner,Communication,English,0,504,Si,199,No,edX
Data Analysis Essentials,42262,Beginner,Business & Management,English,0,1008,Si,79,No,edX
Master Control in Supply Chain Management and Logistics,31326,Beginner,Business & Management,English,0,1176,Si,49,No,edX
Work and Employment for a Sustainable Future,6528,Intermediate,Economics & Finance,English,0,1008,Si,49,No,edX
Foundations of Data Structures,54075,Intermediate,Computer Science,English,0,1008,Si,149,No,edX
"Financial Programming and Policies, Part 1: Macroeconomic Accounts & Analysis",31024,Intermediate,Economics & Finance,English,0,1008,Si,25,No,edX
IoT System Design: Software and Hardware Integration,13608,Intermediate,Computer Science,English,0,672,Si,99,No,edX
English for Doing Business in Asia – Writing,44252,Beginner,Humanities,English,0,1176,Si,60,No,edX
Working in Teams: A Practical Guide,43981,Beginner,Humanities,English,0,672,Si,49,No,edX
Introducción a los encofrados y las cimbras en obra civil y edificación,16029,Beginner,Engineering,Spanish,0,672,Si,50,No,edX
AI Chatbots without Programming,35440,Beginner,Computer Science,English,0,336,Si,99,No,edX
Introducción a la Ciencia de Datos y el Big Data,16268,Intermediate,Data Analysis & Statistics,Spanish,0,672,Si,49,No,edX
Just Money: Banking as if Society Mattered,25553,Beginner,Business & Management,English,0,2688,Si,49,No,edX
Introducción a R,6431,Beginner,Data Analysis & Statistics,Spanish,0,672,Si,49,No,edX
Computing in Python IV: Objects & Algorithms,28112,Beginner,Computer Science,English,0,840,Si,99,No,edX
Adobe Illustrator: aprende a crear presentaciones de impacto,18613,Beginner,Design,Spanish,0,840,Si,15,No,edX
Teaching Critical Thinking through Art with the National Gallery of Art,18595,Beginner,Education & Teacher Training,English,0,2688,Si,25,No,edX
Word intermedio: herramientas de formato y productividad,10265,Intermediate,Computer Science,Spanish,0,1008,Si,50,No,edX
Introducción a las finanzas: Principios de valoración,17344,Intermediate,Economics & Finance,Spanish,0,672,Si,49,No,edX
Aprende a diseñar jardines verticales y cuadros vivos,6341,Beginner,Biology & Life Sciences,Spanish,0,672,Si,29,No,edX
"Anatomy: Cardiovascular, Urinary, and Respiratory Systems",36917,Beginner,Biology & Life Sciences,English,0,672,Si,49,No,edX
Software Engineering: Introduction,35524,Expert,Computer Science,English,0,1008,Si,125,No,edX
Structure of Materials,13042,Intermediate,Engineering,English,0,2688,Si,150,No,edX
Fundamentos de fotografía documental,13036,Beginner,Art & Culture,Spanish,0,1008,Si,49,No,edX
AP® Italian Language and Culture (2020-2021),39398,Expert,Humanities,Italian,0,2016,Si,49,No,edX
Computer Hardware and Operating Systems,9715,Beginner,Computer Science,English,0,1008,Si,150,No,edX
Marketing Management,43415,Expert,Business & Management,English,0,1176,Si,214,No,edX
You Can Innovate: User  Innovation & Entrepreneurship,18974,Beginner,Business & Management,English,0,1680,Si,49,No,edX
Analytics in Python,82210,Intermediate,Business & Management,English,0,2016,Si,249,No,edX
Bases Matemáticas: Álgebra,35811,Beginner,Math,Spanish,0,672,Si,50,No,edX
HTML5 Apps and Games,86850,Expert,Computer Science,English,0,672,Si,199,No,edX
MATLAB and Octave for Beginners,68706,Beginner,Computer Science,English,0,672,Si,139,No,edX
AP Physics 1,43401,Beginner,Physics,English,0,3024,Si,49,No,edX
The Divine Comedy: Dante's Journey to Freedom,12005,Beginner,Humanities,English,0,1344,Si,49,No,edX
Linux Basics: The Command Line Interface,32726,Beginner,Computer Science,English,0,1176,Si,49,No,edX
Entrepreneurial Operations: Launching a Startup,23808,Intermediate,Business & Management,English,0,672,Si,149,No,edX
Maths Essentials,44642,Beginner,Business & Management,English,0,1008,Si,79,No,edX
"Marketing Analytics: Products, Distribution and Sales",50588,Intermediate,Computer Science,English,0,672,Si,249,No,edX
Marketing Innovative Products and Services,6293,Beginner,Business & Management,English,0,672,Si,149,No,edX
Just Reading and Writing in English | 生活英语读写,33303,Beginner,Art & Culture,English,0,2520,Si,149,No,edX
Introduction to Java Programming – Part 1,270376,Beginner,Computer Science,English,0,840,Si,99,No,edX
Comunicación y Redacción Digital,7165,Beginner,Communication,Spanish,0,672,Si,29,No,edX
Monetary Policy Analysis and Forecasting,6616,Expert,Economics & Finance,English,0,1008,Si,25,No,edX
Basic Analytical Chemistry,19010,Beginner,Chemistry,English,0,1008,Si,49,No,edX
Identifying Entrepreneurial Opportunities,11922,Beginner,Business & Management,English,0,672,Si,149,No,edX
"ChinaX Book Club: Five Authors, Five Books, Five Views of China",5855,Beginner,Literature,English,0,840,Si,139,No,edX
Astrophysics: Cosmology,83322,Intermediate,Physics,English,0,1680,Si,50,No,edX
Japanese Culture and Language (I) |日语与日本文化（1）,18489,Beginner,Art & Culture,Chinese,0,1680,Si,139,No,edX
COVID-19 Training for Healthcare Workers,5742,Beginner,Medicine,English,0,336,Si,10,No,edX
The Rise of Superheroes and Their Impact On Pop Culture,31368,Beginner,Humanities,English,0,1008,Si,50,No,edX
Introduction to Aeronautical Engineering,99971,Beginner,Engineering,English,0,1176,Si,50,No,edX
Diseño de Jardines,5683,Beginner,Biology & Life Sciences,Spanish,0,672,Si,29,No,edX
"Introducción al griego clásico: lengua, nombres y mitología",18849,Beginner,Language,Spanish,0,840,Si,49,No,edX
Deep Learning Fundamentals with Keras,32140,Intermediate,Data Analysis & Statistics,English,0,840,Si,99,No,edX
Existential Well-being Counseling: A Person-centered Experiential Approach,48439,Beginner,Humanities,English,0,2016,Si,49,No,edX
Solid Waste Management,7668,Beginner,Environmental Studies,English,0,1008,Si,5,No,edX
Retail Fundamentals,37558,Intermediate,Business & Management,English,0,672,Si,99,No,edX
Greatest Unsolved Mysteries of the Universe,93965,Intermediate,Physics,English,0,1512,Si,50,No,edX
"Money Markets, Foreign Exchange and Time Value of Money",12230,Beginner,Economics & Finance,English,0,672,Si,199,No,edX
Gestión de Contenidos Digitales y Marketing Turístico de Ciudad,14627,Beginner,Communication,Spanish,0,672,Si,49,No,edX
Designing the User Experience,6416,Beginner,Business & Management,English,0,672,Si,199,No,edX
Introduction to Bioconductor,36370,Intermediate,Data Analysis & Statistics,English,0,672,Si,149,No,edX
Connected Strategy,10355,Intermediate,Business & Management,English,0,1008,Si,199,No,edX
Hybrid Vehicles,18294,Expert,Engineering,English,0,1008,Si,249,No,edX
First Nights - Handel's Messiah and Baroque Oratorio,18029,Beginner,Humanities,English,0,504,Si,49,No,edX
Statistical Inference and Modeling for High-throughput Experiments,51590,Intermediate,Data Analysis & Statistics,English,0,672,Si,149,No,edX
First Nights - Monteverdi’s L’Orfeo and the Birth of Opera,13300,Beginner,Humanities,English,0,504,Si,49,No,edX
18th-Century Opera: Handel & Mozart,18331,Beginner,Music,English,0,840,Si,99,No,edX
Introduction to video game development with Unity,7605,Intermediate,Computer Science,English,0,1008,Si,50,No,edX
Best Practices for Project Management Success,46610,Intermediate,Business & Management,English,0,1848,Si,150,No,edX
Fundamentos de la Tecnología Blockchain,5473,Beginner,Economics & Finance,Spanish,0,840,Si,49,No,edX
Información financiera y su análisis,5473,Expert,Economics & Finance,Spanish,0,672,Si,49,No,edX
Coaching Skills for Learner-Centred Conversations,8089,Beginner,Education & Teacher Training,English,0,672,Si,49,No,edX
Intellectual Property Law and Policy: Part 1,43993,Intermediate,Law,English,0,1008,Si,169,No,edX
Robotics,68199,Expert,Computer Science,English,0,1680,Si,249,No,edX
La gestion des ressources humaines,6824,Beginner,Business & Management,French,0,1176,Si,99,No,edX
Writing for Social Justice,9927,Beginner,Humanities,English,0,672,Si,50,No,edX
Steps in Japanese for Beginners1 Part2,8080,Beginner,Language,English,0,840,Si,99,No,edX
Case Studies in Functional Genomics,26850,Expert,Data Analysis & Statistics,English,0,840,Si,149,No,edX
Essential Career Skills for Investment Banking and Finance,11655,Beginner,Business & Management,English,0,336,Si,49,No,edX
Data Structures and Software Design,30609,Intermediate,Computer Science,English,0,672,Si,149,No,edX
Unconscious Bias: From Awareness to Action,26659,Beginner,Communication,English,0,504,Si,49,No,edX
Cybersecurity for Critical Urban Infrastructure,5306,Expert,Computer Science,English,0,672,Si,100,No,edX
"Agile Process, Project, and Program Controls",16339,Expert,Engineering,English,0,672,Si,199,No,edX
Risk Management in Development Projects,13263,Intermediate,Business & Management,English,0,1680,Si,25,No,edX
"Pintura europea: Leonardo, Rembrandt, Goya",32635,Beginner,Humanities,Spanish,0,1176,Si,29,No,edX
Risk & Return,21970,Beginner,Business & Management,English,0,672,Si,225,No,edX
Project Management of Engineering Projects: Preparing for Success,42834,Intermediate,Business & Management,English,0,1680,Si,99,No,edX
Supply Chain Dynamics,75464,Expert,Business & Management,English,0,2184,Si,299,No,edX
AWS Developer: Building on AWS,54249,Expert,Computer Science,English,0,1008,Si,149,No,edX
Financial Accounting Made Fun: Eliminating Your Fears,36787,Beginner,Business & Management,English,0,672,Si,199,No,edX
PredictionX: John Snow and the Cholera Epidemic of 1854,17713,Beginner,History,English,0,168,Si,25,No,edX
Gestión de operaciones,9512,Beginner,Business & Management,Spanish,0,1008,Si,119,No,edX
Microeconomics & Business,10962,Beginner,Economics & Finance,English,0,1344,Si,79,No,edX
Inteligencia artificial: Chatbots sin programación,5001,Beginner,Computer Science,Spanish,0,336,Si,49,No,edX
Diseño e innovación de modelo de negocios,7180,Expert,Business & Management,Spanish,0,672,Si,99,No,edX
Unlocking Investment and Finance in Emerging Markets and Developing Economies (EMDEs),29171,Beginner,Economics & Finance,English,0,672,Si,5,No,edX
Gestão de riscos em projetos,8771,Intermediate,Business & Management,Portuguese,0,1680,Si,25,No,edX
Vocal Recording Technology,52369,Beginner,Engineering,English,0,1008,Si,49,No,edX
IoT Sensors and Devices,33072,Beginner,Computer Science,English,0,840,Si,199,No,edX
Introducción a las tecnologías para la Educación,31533,Beginner,Computer Science,Spanish,0,840,Si,49,No,edX
Fundamentos de la guitarra eléctrica y acústica,13124,Beginner,Music,Spanish,0,1008,Si,49,No,edX
e-Learning on Digital Agriculture,6238,Beginner,Environmental Studies,English,0,840,Si,5,No,edX
Exploring GraphQL: A Query Language for APIs,9503,Beginner,Computer Science,English,0,1176,Si,149,No,edX
EmSAT English Preparation - Level 2,7346,Intermediate,Language,English,0,1008,Si,49,No,edX
The Data Science Method,7868,Beginner,Data Analysis & Statistics,English,0,1176,Si,39,No,edX
"Plato, Socrates, and the Birth of Western Philosophy | 西方哲学精神探源",21291,Beginner,Humanities,English,0,2688,Si,49,No,edX
"Cosmic Rays, Dark Matter, and the Mysteries of the Universe",12888,Intermediate,Physics,English,0,672,Si,49,No,edX
Macroeconomic Diagnostics,23408,Intermediate,Economics & Finance,English,0,1008,Si,25,No,edX
BioStatistics,14937,Beginner,Biology & Life Sciences,English,0,1344,Si,79,No,edX
Results-Based Project Management: Monitoring and Evaluation,32810,Intermediate,Business & Management,English,0,1344,Si,199,No,edX
Estrategias y estilos de negociación,12639,Beginner,Business & Management,Spanish,0,672,Si,149,No,edX
Políticas efectivas de desarrollo infantil,64387,Intermediate,Social Sciences,Spanish,0,1680,Si,25,No,edX
Alzheimer’s Disease & Dementia Care,5763,Intermediate,Medicine,English,0,840,Si,49,No,edX
Understanding Classroom Interaction,27114,Beginner,Education & Teacher Training,English,0,840,Si,49,No,edX
Sign Language Science: Emergence and Evolution of Sign Language,8313,Beginner,Language,English,0,672,Si,99,No,edX
International Humanitarian Law,31419,Expert,Law,English,0,2016,Si,150,No,edX
"Educación de calidad para todos: equidad, inclusión y atención a la diversidad",25111,Beginner,Education & Teacher Training,Spanish,0,1008,Si,49,No,edX
Introduction to Astrophysics,20802,Beginner,Physics,English,0,1176,Si,139,No,edX
Epidemics I,10618,Beginner,Medicine,English,0,840,Si,139,No,edX
Introducción a la genética y la evolución,15297,Beginner,Biology & Life Sciences,Spanish,0,504,Si,49,No,edX
Fundamentals of Macroeconomics,17820,Beginner,Economics & Finance,English,0,1008,Si,129,No,edX
"Blockchain and FinTech: Basics, Applications, and Limitations",22011,Beginner,Computer Science,English,0,1008,Si,199,No,edX
Molecular Biology - Part 2: Transcription and Transposition,18168,Expert,Biology & Life Sciences,English,0,1176,Si,99,No,edX
"One Planet, One Ocean",12166,Intermediate,Environmental Studies,English,0,1008,Si,49,No,edX
Reputation Management in a Digital World,39672,Intermediate,Communication,English,0,1008,Si,99,No,edX
Google Ads: publicidad efectiva,12084,Beginner,Business & Management,Spanish,0,840,Si,49,No,edX
Introducción a la energía solar fotovoltaica: El módulo fotovoltaico,14673,Intermediate,Engineering,Spanish,0,672,Si,50,No,edX
Computer Vision Fundamentals with Watson and OpenCV,7032,Beginner,Computer Science,English,0,2352,Si,99,No,edX
Japanese Business Management,14852,Intermediate,Business & Management,English,0,672,Si,129,No,edX
Fundamentos de logística,7397,Beginner,Engineering,Spanish,0,840,Si,29,No,edX
Sustainable Urban Development,45760,Beginner,Social Sciences,English,0,1176,Si,50,No,edX
Introduction to Biomedical Imaging,56485,Beginner,Medicine,English,0,2016,Si,99,No,edX
Introducción a la programación en Java: empezando a programar,23321,Beginner,Computer Science,Spanish,0,840,Si,49,No,edX
"Circuits and Electronics 2: Amplification, Speed, and Delay",9665,Intermediate,Electronics,English,0,840,Si,169,No,edX
China’s Political and Intellectual Foundations: From Sage Kings to Confucius,47083,Beginner,History,English,0,2520,Si,139,No,edX
Introduction to DevOps and Site Reliability Engineering,8697,Beginner,Computer Science,English,0,1680,Si,149,No,edX
Digital Transformation in Business,10118,Expert,Business & Management,English,0,1176,Si,214,No,edX
Designing and Creating Trousers,7544,Beginner,Design,English,0,840,Si,99,No,edX
Introducción a la teoría política: conceptos y grandes pensadores,11741,Beginner,Social Sciences,Spanish,0,1176,Si,59,No,edX
"Human Rights, Human Wrongs: Challenging Poverty, Vulnerability and Social Exclusion",11426,Intermediate,Social Sciences,English,0,1848,Si,49,No,edX
Industry 4.0: How to Revolutionize your Business,28404,Beginner,Business & Management,English,0,1008,Si,50,No,edX
Desafíos y oportunidades en la economía digital,47792,Beginner,Economics & Finance,Spanish,0,1680,Si,25,No,edX
Pensamiento crítico: toma de decisiones razonadas,16853,Beginner,Business & Management,Spanish,0,672,Si,149,No,edX
Sustainable Food Security: Crop Production,35367,Intermediate,Biology & Life Sciences,English,0,1008,Si,49,No,edX
Network and Security Foundations,7301,Beginner,Computer Science,English,0,1344,Si,299,No,edX
Cannabis Cultivation and Processing,7419,Beginner,Environmental Studies,English,0,504,Si,179,No,edX
"Data, Models and Decisions in Business Analytics",36289,Expert,Business & Management,English,0,2016,Si,249,No,edX
Data Structures Fundamentals,42381,Intermediate,Computer Science,English,0,1008,Si,99,No,edX
Shaping Work of the Future,22246,Beginner,Business & Management,English,0,1344,Si,49,No,edX
Introducción a la robótica e industria 4.0,7056,Beginner,Computer Science,Spanish,0,504,Si,49,No,edX
Fighting for Equality: 1950–2018,9274,Intermediate,History,English,0,1680,Si,50,No,edX
"Design Thinking: Ideation, Iteration and Communication",14629,Intermediate,Business & Management,English,0,1008,Si,299,No,edX
Crear música con tecnología,10961,Beginner,Music,Spanish,0,1008,Si,49,No,edX
Análisis de datos: Diseño y Visualización de Tableros,18368,Intermediate,Computer Science,Spanish,0,1344,Si,49,No,edX
Comunicación estratégica: gestión de crisis e imagen pública,7017,Beginner,Communication,Spanish,0,672,Si,49,No,edX
"Understanding Agribusiness, Value Chains, and Consumers in Global Food Systems",14052,Intermediate,Business & Management,English,0,672,Si,199,No,edX
Unlocking Information Security: Part II,6426,Intermediate,Computer Science,English,0,1008,Si,149,No,edX
Human Rights Defenders,27338,Beginner,Social Sciences,English,0,672,Si,49,No,edX
Product Design: The Delft Design Approach,87539,Intermediate,Business & Management,English,0,1176,Si,79,No,edX
Introduction to Psychology | 心理学概论,30731,Beginner,Philosophy & Ethics,Chinese,0,2184,Si,139,No,edX
Circuits and Electronics 3: Applications,9347,Intermediate,Electronics,English,0,1176,Si,169,No,edX
Vaccines: from smallpox to technologies of the future,6166,Intermediate,Medicine,English,0,1008,Si,49,No,edX
Le management,6273,Beginner,Business & Management,French,0,840,Si,149,No,edX
Circular Economy for a Sustainable Built Environment,8032,Intermediate,Architecture,English,0,1008,Si,50,No,edX
Agile Innovation and Problem Solving Skills,12667,Expert,Engineering,English,0,672,Si,199,No,edX
International Investment Law,23335,Expert,Law,English,0,1680,Si,150,No,edX
Animation and CGI Motion,36827,Expert,Computer Science,English,0,2016,Si,249,No,edX
Terrorism and Counterterrorism,28580,Beginner,Humanities,English,0,1176,Si,49,No,edX
Découvrir le marketing,30030,Intermediate,Business & Management,French,0,1680,Si,150,No,edX
Solar Energy: Photovoltaic (PV) Energy Conversion,38041,Expert,Engineering,English,0,2016,Si,250,No,edX
Introduction to Actuarial Science,52667,Beginner,Data Analysis & Statistics,English,0,1344,Si,49,No,edX
PredictionX: Lost Without Longitude,9114,Beginner,History,English,0,168,Si,49,No,edX
Information Technology Foundations,6388,Beginner,Computer Science,English,0,1008,Si,399,No,edX
Dealing with Power and Dynamics: Discover Your Leadership Style and Influence Stakeholders,16013,Intermediate,Business & Management,English,0,840,Si,125,No,edX
Instructional Design and Technology: Learning Theories,21296,Intermediate,Education & Teacher Training,English,0,1344,Si,299,No,edX
The Math of Data Science: Linear Algebra,6746,Intermediate,Math,English,0,1344,Si,159,No,edX
The Hardware of a Quantum Computer,20052,Intermediate,Physics,English,0,1008,Si,79,No,edX
Grabar y mezclar música,10856,Beginner,Music,Spanish,0,672,Si,49,No,edX
Herramientas para el Análisis de Big Data,8118,Intermediate,Data Analysis & Statistics,Spanish,0,672,Si,49,No,edX
Foundations of Central Bank Law,6169,Intermediate,Law,English,0,1008,Si,25,No,edX
C Programming: Modular Programming and Memory Management,18690,Beginner,Computer Science,English,0,1176,Si,49,No,edX
Enseñanza temprana de matemáticas y ciencias,8250,Beginner,Education & Teacher Training,Spanish,0,1680,Si,25,No,edX
Entrepreneurship 102: What can you do for your customer?,11275,Beginner,Business & Management,English,0,1680,Si,49,No,edX
Italian Language and Culture: Advanced (2019-2020),24667,Expert,Language,Italian,0,2016,Si,49,No,edX
Origins of the Human Mind,11812,Beginner,Science,English,0,840,Si,49,No,edX
Introduction to Geometry,61824,Beginner,Math,English,0,2352,Si,50,No,edX
The Future of Work: Preparing for Disruption,43125,Beginner,Economics & Finance,English,0,840,Si,5,No,edX
Clinical Reasoning Process,5367,Beginner,Medicine,English,0,1008,Si,149,No,edX
Datos para la efectividad de las políticas públicas,80425,Beginner,Data Analysis & Statistics,Spanish,0,1680,Si,25,No,edX
Media Law,7253,Beginner,Art & Culture,English,0,2352,Si,249,No,edX
Líderes para la Gestión en Seguridad Ciudadana y Justicia,12826,Intermediate,Social Sciences,Spanish,0,1680,Si,25,No,edX
"Diseña, fabrica y programa tu propio robot",25024,Beginner,Engineering,Spanish,0,1008,Si,75,No,edX
Pivoting to Online Teaching: Research and Practitioner Perspectives,5289,Beginner,Education & Teacher Training,English,0,1008,Si,139,No,edX
Circular Economy: An Interdisciplinary Approach,10281,Expert,Business & Management,English,0,1008,Si,149,No,edX
Calculus 1B: Integration,44669,Intermediate,Math,English,0,2520,Si,100,No,edX
Algorithmic Design and Techniques,40620,Intermediate,Computer Science,English,0,1008,Si,99,No,edX
Drinking Water Treatment,51918,Intermediate,Engineering,English,0,1176,Si,50,No,edX
Fundamentos de información financiera y contable,7789,Intermediate,Economics & Finance,Spanish,0,840,Si,49,No,edX
Les principes de la finance,44037,Intermediate,Business & Management,French,0,2184,Si,150,No,edX
Music Technology Foundations,34550,Beginner,Computer Science,English,0,1008,Si,169,No,edX
The Entrepreneurial Mindset,31077,Beginner,Business & Management,English,0,1008,Si,149,No,edX
"Anatomy: Gastrointestinal, Reproductive and Endocrine Systems",26453,Beginner,Biology & Life Sciences,English,0,840,Si,49,No,edX
Risk Management and Credit Principles,9028,Expert,Economics & Finance,English,0,1008,Si,199,No,edX
Steps in Japanese for Beginners1 Part3,6169,Beginner,Language,English,0,840,Si,99,No,edX
Structural Materials: Selection and Economics,9752,Beginner,Engineering,English,0,504,Si,50,No,edX
Algorithm Design and Analysis,39137,Intermediate,Computer Science,English,0,672,Si,149,No,edX
Mandarin Chinese for Business,12384,Intermediate,Language,English,0,1008,Si,149,No,edX
Bases Matemáticas: Números y terminología,26060,Intermediate,Math,Spanish,0,672,Si,50,No,edX
Arab-Islamic History: From Tribes to Empires,17321,Beginner,Humanities,English,0,1344,Si,149,No,edX
Human-Computer Interaction I: Fundamentals & Design Principles,9010,Beginner,Computer Science,English,0,1008,Si,99,No,edX
The Science of Parenting,37538,Beginner,Social Sciences,English,0,840,Si,49,No,edX
Inclusive Teaching: Supporting All Students in the College Classroom,9899,Beginner,Education & Teacher Training,English,0,1008,Si,49,No,edX
Analytics for Decision Making,31031,Beginner,Business & Management,English,0,672,Si,249,No,edX
Energy Principles and Renewable Energy,19520,Expert,Energy & Earth Sciences,English,0,2352,Si,375,No,edX
DNA: Biology’s Genetic Code,35162,Intermediate,Biology & Life Sciences,English,0,1008,Si,169,No,edX
Music For Wellness,19728,Beginner,Humanities,English,0,672,Si,49,No,edX
Mining Massive Datasets,5311,Expert,Computer Science,English,0,1176,Si,149,No,edX
Introduction to Electrical and Electronic Engineering - 電気電子工学入門 -,25041,Beginner,Engineering,English,0,672,Si,50,No,edX
Introducción a la Inteligencia Artificial,11184,Beginner,Computer Science,Spanish,0,672,Si,49,No,edX
Digital Security and Human Rights,11443,Beginner,Social Sciences,English,0,504,Si,49,No,edX
Critical thinking: reasoned decision making,6923,Beginner,Business & Management,English,0,672,Si,149,No,edX
Introduction to the Internet of Things,7581,Beginner,Electronics,English,0,1008,Si,50,No,edX
Riñones: conoce sus funciones para mejorar tu salud y calidad de vida,20261,Beginner,Medicine,Spanish,0,1008,Si,49,No,edX
Design Thinking: Empathizing to Understand the Problem,13340,Intermediate,Business & Management,English,0,1008,Si,299,No,edX
Marketing Analytics: Price and Promotion Analytics,41021,Intermediate,Computer Science,English,0,672,Si,249,No,edX
Implementation of Data Structures,27761,Intermediate,Computer Science,English,0,1008,Si,149,No,edX
Activism and Citizen Journalism through Media,7460,Beginner,Communication,English,0,672,Si,49,No,edX
Electric and Conventional Vehicles,22089,Expert,Engineering,English,0,1008,Si,249,No,edX
Big Data Fundamentals,40106,Intermediate,Computer Science,English,0,1680,Si,199,No,edX
Sustainable Food Security: The value of systems thinking,26600,Beginner,Biology & Life Sciences,English,0,1008,Si,49,No,edX
Knowledge Management and Big Data in Business,69064,Beginner,Business & Management,English,0,1344,Si,50,No,edX
Uso efectivo del tiempo,6409,Beginner,Economics & Finance,Spanish,0,1008,Si,49,No,edX
C Programming: Pointers and Memory Management,19171,Beginner,Computer Science,English,0,1176,Si,49,No,edX
Astrophysics: The Violent Universe,65711,Intermediate,Physics,English,0,1680,Si,50,No,edX
Landscape Ecology,8644,Intermediate,Environmental Studies,English,0,2352,Si,50,No,edX
IoT Programming and Big Data,21591,Beginner,Computer Science,English,0,840,Si,199,No,edX
AWS: Getting Started with Cloud Security,8192,Beginner,Computer Science,English,0,672,Si,49,No,edX
Introducción a la gravedad cuántica de lazos,7360,Beginner,Science,Spanish,0,840,Si,50,No,edX
Introduction to the Music Business,46607,Beginner,Business & Management,English,0,1008,Si,49,No,edX
Introducción a la programación en C: Tipos de datos y estructuras,13480,Beginner,Computer Science,Spanish,0,672,Si,49,No,edX
Visualización de Datos y Storytelling,5980,Intermediate,Data Analysis & Statistics,Spanish,0,672,Si,49,No,edX
"Feeding a Hungry Planet: Agriculture, Nutrition and Sustainability",10488,Intermediate,Environmental Studies,English,0,1176,Si,49,No,edX
Fundamentals of Financial Mathematics and Capital Budgeting,5410,Beginner,Economics & Finance,English,0,672,Si,99,No,edX
Gestión participativa: motivación y liderazgo organizacional,23441,Intermediate,Business & Management,Spanish,0,1344,Si,79,No,edX
Energía eléctrica: conceptos y principios básicos,9762,Intermediate,Engineering,Spanish,0,1176,Si,49,No,edX
Market Segmentation Analysis,17055,Intermediate,Business & Management,English,0,840,Si,99,No,edX
AP® English Literature & Composition – Part 2: Poems,5719,Beginner,Humanities,English,0,1176,Si,49,No,edX
"Electrical, Optical & Magnetic Materials and Devices",16905,Intermediate,Engineering,English,0,2688,Si,150,No,edX
How to Design a Successful Business Model,33656,Beginner,Business & Management,English,0,1344,Si,99,No,edX
Ecodesign for Cities and Suburbs,28472,Beginner,Environmental Studies,English,0,1008,Si,99,No,edX
Agile Software Development,37158,Beginner,Computer Science,English,0,1008,Si,50,No,edX
Diseño de sistemas de información gerencial para intranet con Microsoft Access,9144,Intermediate,Computer Science,Spanish,0,672,Si,49,No,edX
Gestão de Projetos de Desenvolvimento,28337,Beginner,Business & Management,Portuguese,0,1680,Si,49,No,edX
Innovation: From Plan to Product,12918,Intermediate,Business & Management,English,0,1680,Si,249,No,edX
Climate Change: Carbon Capture and Storage,10551,Beginner,Engineering,English,0,840,Si,49,No,edX
Reservoir Geomechanics,5280,Beginner,Energy & Earth Sciences,English,0,1680,Si,129,No,edX
IoT System Architecture: Design and Evaluation,5914,Beginner,Computer Science,English,0,504,Si,99,No,edX
Noongar Language and Culture,10858,Beginner,Language,English,0,1008,Si,139,No,edX
Sustainable Food Security: Food Access,18943,Beginner,Social Sciences,English,0,1008,Si,49,No,edX
Bases Matemáticas: Integrales,23703,Beginner,Math,Spanish,0,840,Si,50,No,edX
Epidemics II,8565,Beginner,Medicine,English,0,504,Si,139,No,edX
Derechos humanos: Los derechos de las personas refugiadas,28398,Beginner,Humanities,Spanish,0,504,Si,49,No,edX
Big Data Analytics,43009,Intermediate,Computer Science,English,0,1680,Si,199,No,edX
"A-level Mathematics for Year 13 - Course 1: Functions, Sequences and Series, and Numerical Methods",6594,Intermediate,Math,English,0,1176,Si,49,No,edX
ODS en la Agenda 2030 de las Naciones Unidas: Retos de los Objetivos de Desarrollo Sostenible,16028,Beginner,Social Sciences,Spanish,0,1008,Si,25,No,edX
Fundamentals of Market Structure,32049,Beginner,Economics & Finance,English,0,168,Si,25,No,edX
Protecting Children in Humanitarian Settings,7246,Intermediate,Social Sciences,English,0,2016,Si,50,No,edX
How to Achieve the Sustainable Development Goals,12719,Intermediate,Environmental Studies,English,0,1176,Si,49,No,edX
Aprendizaje y Enseñanza en la Era Digital,16954,Intermediate,Education & Teacher Training,Spanish,0,672,Si,49,No,edX
From Atoms to Stars: How Physics Explains Our World,15914,Intermediate,Physics,English,0,672,Si,49,No,edX
"Architecture, Algorithms, and Protocols of a Quantum Computer and Quantum Internet",8330,Intermediate,Physics,English,0,1008,Si,79,No,edX
Contemporary Issues in World Politics,11426,Beginner,Social Sciences,English,0,1176,Si,59,No,edX
More Fun with Prime Numbers,10604,Intermediate,Math,English,0,840,Si,49,No,edX
Enterprise Selling,5020,Beginner,Business & Management,English,0,1008,Si,149,No,edX
Climate Change: Financial Risks and Opportunities,9977,Intermediate,Economics & Finance,English,0,672,Si,79,No,edX
Caer o No caer. El Secreto de las Estructuras.,20939,Beginner,Engineering,Spanish,0,1344,Si,29,No,edX
Mandarin Chinese Level 2,8784,Beginner,Language,English,0,1008,Si,149,No,edX
Design Thinking: Prototyping and User Testing,10769,Intermediate,Business & Management,English,0,1008,Si,299,No,edX
Bases Matemáticas: Derivadas,24301,Beginner,Math,Spanish,0,840,Si,50,No,edX
Buscar en Internet,27320,Beginner,Computer Science,Spanish,0,1176,Si,49,No,edX
Big Data and Education,14909,Expert,Data Analysis & Statistics,English,0,1344,Si,169,No,edX
Model-Based Automotive Systems Engineering,13857,Expert,Engineering,English,0,1176,Si,249,No,edX
Introduction to Hyperledger Blockchain Technologies,138884,Beginner,Business & Management,English,0,2352,Si,199,No,edX
Mercados de capital y participantes claves,7210,Beginner,Economics & Finance,Spanish,0,336,Si,49,No,edX
Introducción al desarrollo de videojuegos con Unity,27474,Intermediate,Computer Science,Spanish,0,1008,Si,50,No,edX
Incorporating Renewable Energy in Electricity Grids,10430,Intermediate,Energy & Earth Sciences,English,0,1008,Si,49,No,edX
Herramientas de la Inteligencia de Negocios,24130,Beginner,Data Analysis & Statistics,Spanish,0,840,Si,49,No,edX
Sprint Planning for Faster Agile Team Delivery,10654,Expert,Engineering,English,0,672,Si,199,No,edX
Introduction to Water and Climate,36320,Intermediate,Engineering,English,0,1680,Si,50,No,edX
The Medieval Icelandic Sagas,11176,Intermediate,Humanities,English,0,1008,Si,50,No,edX
Community Engagement: Collaborating for Change,11818,Beginner,Social Sciences,English,0,1008,Si,49,No,edX
Introducción al Internet de las Cosas (IoT),6322,Beginner,Electronics,Spanish,0,1008,Si,50,No,edX
"Proteins: Alignment, Analysis and Structure",23560,Expert,Biology & Life Sciences,English,0,1344,Si,249,No,edX
AI Applications with Watson,9173,Intermediate,Computer Science,English,0,504,Si,99,No,edX
Data Analytics and Visualization in Health Care,7304,Expert,Data Analysis & Statistics,English,0,1344,Si,249,No,edX
Question Everything: Scientific Thinking in Real Life,34279,Beginner,Math,English,0,1344,Si,59,No,edX
Introduction to Lifestyle Medicine,9002,Beginner,Biology & Life Sciences,English,0,1344,Si,79,No,edX
"Social Work Practice with Individuals, Families, and Small Groups",16134,Expert,Social Sciences,English,0,1344,Si,199,No,edX
Gateway to Medicine: An Introduction to the Field of Medicine|走近医学,6938,Beginner,Medicine,Chinese,0,1680,Si,49,No,edX
Indian & Tibetan River of Buddhism,6738,Intermediate,Humanities,English,0,2016,Si,49,No,edX
Financial Analysis for Decision Making,39156,Beginner,Business & Management,English,0,672,Si,199,No,edX
Lifestyle Medicine Treatments of Chronic Disease – Part 1,5668,Intermediate,Medicine,English,0,336,Si,179,No,edX
Building Containerized Applications on AWS,6128,Intermediate,Computer Science,English,0,840,Si,99,No,edX
Biobased Products for a Sustainable (Bio)economy,6951,Beginner,Biology & Life Sciences,English,0,1680,Si,50,No,edX
Social Work Practice: Advocating Social Justice and Change,19603,Beginner,Social Sciences,English,0,840,Si,49,No,edX
Anthropology of Current World Issues,44821,Beginner,Humanities,English,0,1512,Si,99,No,edX
Buyer Behaviour and Analysis,19717,Expert,Communication,English,0,2016,Si,199,No,edX
Idea Development: Create and Implement Innovative Ideas,11501,Intermediate,Business & Management,English,0,1680,Si,249,No,edX
Analysis of Transport Phenomena I: Mathematical Methods,9169,Expert,Engineering,English,0,2856,Si,149,No,edX
Leading the Organization,14998,Intermediate,Business & Management,English,0,1680,Si,249,No,edX
"Financial Programming and Policies, Part 2: Program Design",19330,Intermediate,Economics & Finance,English,0,1176,Si,25,No,edX
Introduction to Open Source Networking Technologies,17436,Beginner,Computer Science,English,0,2352,Si,169,No,edX
Deep Learning Essentials,5018,Intermediate,Computer Science,English,0,840,Si,149,No,edX
Estadística Aplicada a los Negocios,25295,Beginner,Data Analysis & Statistics,Spanish,0,840,Si,49,No,edX
"English for Journalists, Part 2",22814,Intermediate,Communication,English,0,840,Si,49,No,edX
Teaching & Learning in the Diverse Classroom,7104,Beginner,Education & Teacher Training,English,0,840,Si,99,No,edX
Fundamentals of Microeconomics | Fundamentos de Microeconomía,18456,Beginner,Social Sciences,English,0,1176,Si,129,No,edX
IoT Networks and Protocols,22136,Beginner,Computer Science,English,0,840,Si,199,No,edX
China’s First Empires and the Rise of Buddhism,46053,Beginner,History,English,0,2520,Si,139,No,edX
Apnea y Trastornos del Sueño,14902,Beginner,Health & Safety,Spanish,0,1680,Si,49,No,edX
Educación sobre el cambio climático,23253,Beginner,Education & Teacher Training,Spanish,0,1680,Si,25,No,edX
Urban Sewage Treatment,40408,Intermediate,Engineering,English,0,1176,Si,50,No,edX
Doing Gender and Why it Matters,6826,Beginner,Social Sciences,English,0,1008,Si,99,No,edX
Producción musical y su efecto en la composición,7869,Beginner,Music,Spanish,0,1008,Si,49,No,edX
"Principle of Semiconductor Devices Part I: Semiconductors, PN Junctions and Bipolar Junction Transistors",12425,Intermediate,Electronics,English,0,1344,Si,70,No,edX
"19th-Century Opera: Meyerbeer, Wagner, & Verdi",9340,Beginner,Music,English,0,1008,Si,99,No,edX
Modelos predictivos con Machine Learning,5102,Intermediate,Computer Science,Spanish,0,672,Si,49,No,edX
Les fondements de la stratégie d’entreprise,33021,Beginner,Business & Management,French,0,1680,Si,150,No,edX
Solar Energy: Integration of Photovoltaic Systems in Microgrids,20068,Expert,Engineering,English,0,1512,Si,250,No,edX
"Automated Software Testing: Unit Testing, Coverage Criteria and Design for Testability",12630,Intermediate,Computer Science,English,0,840,Si,99,No,edX
Introducción a las ecuaciones diferenciales,9868,Intermediate,Math,Spanish,0,1176,Si,49,No,edX
Tropical coastal ecosystems,23031,Beginner,Biology & Life Sciences,English,0,1512,Si,99,No,edX
Modern China’s Foundations: The Manchus and the Qing,47166,Beginner,History,English,0,2520,Si,139,No,edX
AWS Developer: Deploying on AWS,25244,Expert,Computer Science,English,0,1008,Si,149,No,edX
Autonomous Mobile Robots,62362,Intermediate,Computer Science,English,0,2520,Si,50,No,edX
Gestión por resultados para gobiernos subnacionales,65955,Beginner,Business & Management,Spanish,0,1680,Si,25,No,edX
Introduction to Sociology,10412,Beginner,Social Sciences,English,0,1008,Si,139,No,edX
Desafios e oportunidades na economia digital,6913,Beginner,Economics & Finance,Portuguese,0,1680,Si,25,No,edX
"Cellular Solids Part 1: Structures, Properties and Engineering Applications",7186,Expert,Engineering,English,0,1512,Si,99,No,edX
Introduction to Statistical Methods for Gene Mapping,15419,Expert,Data Analysis & Statistics,English,0,672,Si,49,No,edX
Cómo vivir una vida saludable y activa,8990,Beginner,Social Sciences,Spanish,0,840,Si,49,No,edX
Mandarin Chinese Level 3,8418,Intermediate,Language,English,0,1008,Si,149,No,edX
Data for Effective Policy Making,13797,Beginner,Math,English,0,1680,Si,25,No,edX
C Programming: Using Linux Tools and Libraries,13912,Intermediate,Computer Science,English,0,1176,Si,49,No,edX
Lernen objekt-orientierter Programmierung,10657,Beginner,Computer Science,German,0,1008,Si,49,No,edX
Cybersecurity: The CISO's View,21507,Beginner,Computer Science,English,0,1008,Si,199,No,edX
Fundamentals of Java EE Development,10129,Intermediate,Computer Science,English,0,1176,Si,99,No,edX
"Instructional Design: Digital Media, New Tools and Technology",16419,Intermediate,Education & Teacher Training,English,0,1344,Si,299,No,edX
Molecular Biology – Part 3: RNA Processing and Translation,16520,Expert,Biology & Life Sciences,English,0,1344,Si,99,No,edX
Power and Responsibility: Doing Philosophy with Superheroes,8517,Beginner,Art & Culture,English,0,840,Si,49,No,edX
Aprendizaje automático y ciencia de datos,13994,Intermediate,Computer Science,Spanish,0,840,Si,50,No,edX
Sustainable Urban Freight Transport: A Global Perspective,7769,Beginner,Engineering,English,0,840,Si,50,No,edX
Técnicas Cuantitativas y Cualitativas para la Investigación,29885,Intermediate,Data Analysis & Statistics,Spanish,0,1008,Si,65,No,edX
Strategic Applications of IT Project & Program Management,17914,Beginner,Business & Management,English,0,1008,Si,199,No,edX
Advanced Bioconductor,26063,Expert,Data Analysis & Statistics,English,0,672,Si,149,No,edX
Análisis e interpretación de información económica y financiera,5891,Intermediate,Economics & Finance,Spanish,0,840,Si,49,No,edX
AWS IoT: Developing and Deploying an Internet of Things,8884,Intermediate,Computer Science,English,0,672,Si,99,No,edX
Embedded Systems - Shape The World: Multi-Threaded Interfacing,27814,Intermediate,Computer Science,English,0,1344,Si,49,No,edX
Hong Kong Cinema through a Global Lens | 全球化下的香港电影,12458,Beginner,Humanities,English,0,1008,Si,50,No,edX
Image Processing and Analysis for Life Scientists,8621,Intermediate,Data Analysis & Statistics,English,0,1176,Si,199,No,edX
La protección del menor,7654,Beginner,Law,Spanish,0,840,Si,49,No,edX
Globalization: Past and Future,10127,Beginner,History,English,0,672,Si,25,No,edX
Star Trek: Inspiring Culture and Technology,6521,Beginner,History,English,0,1176,Si,40,No,edX
Qué funciona en educación: políticas educativas basadas en evidencia,15701,Beginner,Education & Teacher Training,Spanish,0,1680,Si,25,No,edX
Tools for Academic Engagement in Public Policy,5035,Beginner,Communication,English,0,504,Si,199,No,edX
Theory of Change for Development,10736,Beginner,Social Sciences,English,0,1176,Si,199,No,edX
Natural Resources for Sustainable Development,9668,Intermediate,Energy & Earth Sciences,English,0,2016,Si,49,No,edX
Omnichannel Strategy and Management,15860,Intermediate,Business & Management,English,0,672,Si,99,No,edX
General Overview of Cannabis and the Industry’s Outlook and Professions,5048,Beginner,Environmental Studies,English,0,672,Si,199,No,edX
Amazon SageMaker: Simplifying Machine Learning Application Development,11765,Intermediate,Computer Science,English,0,672,Si,99,No,edX
Formulación y nomenclatura de compuestos químicos,12748,Beginner,Chemistry,Spanish,0,1008,Si,49,No,edX
Introducción a la factura electrónica,5829,Intermediate,Economics & Finance,Spanish,0,672,Si,49,No,edX
Demand and Supply Analytics,23585,Intermediate,Business & Management,English,0,2016,Si,249,No,edX
Advanced Algorithmics and Graph Theory with Python,13502,Intermediate,Computer Science,English,0,1008,Si,49,No,edX
Diagramas UML estructurales para la Ingeniería del Software,5820,Beginner,Computer Science,Spanish,0,840,Si,50,No,edX
"A-level Mathematics for Year 12 - Course 2: Calculus, Newton’s Laws and Hypothesis Testing",6232,Intermediate,Math,English,0,1176,Si,49,No,edX
Fundamentos de Mecánica para Ingeniería,14219,Beginner,Physics,Spanish,0,1008,Si,49,No,edX
Leadership and Management for PM Practitioners in IT,21949,Beginner,Business & Management,English,0,1008,Si,199,No,edX
Entrepreneurship 103: Show Me The Money,15184,Beginner,Business & Management,English,0,1680,Si,300,No,edX
Historia de la ética,9383,Beginner,Philosophy & Ethics,Spanish,0,1008,Si,29,No,edX
Radio para internet con Podcast: creación y conceptos básicos,6460,Beginner,Communication,Spanish,0,1008,Si,50,No,edX
Introducción a los circuitos eléctricos,11953,Intermediate,Electronics,Spanish,0,840,Si,49,No,edX
AP® Physics 1: Challenging Concepts,12145,Beginner,Physics,English,0,1344,Si,49,No,edX
Introduction to Java Programming – Part 2,71203,Beginner,Computer Science,English,0,840,Si,99,No,edX
AP® Macroeconomics,29433,Beginner,Economics & Finance,English,0,3024,Si,49,No,edX
Climate Change Education,12056,Beginner,Education & Teacher Training,English,0,1680,Si,25,No,edX
Applied Deep Learning Capstone Project,8429,Expert,Data Analysis & Statistics,English,0,840,Si,99,No,edX
FinTech Ethics and Risks,10696,Beginner,Economics & Finance,English,0,1008,Si,199,No,edX
User Experience (UX) Design: Human Factors and Culture in Design | 设计的人因与文化,23828,Expert,Engineering,English,0,1176,Si,139,No,edX
The Conquest of Space: Space Exploration and Rocket Science,19926,Beginner,Engineering,English,0,1176,Si,129,No,edX
What Works in Education: Evidence-Based Education Policies,5540,Beginner,Education & Teacher Training,English,0,1680,Si,25,No,edX
Electric Cars: Business,14199,Intermediate,Business & Management,English,0,672,Si,50,No,edX
Mechanics: Momentum and Energy,14846,Intermediate,Physics,English,0,2352,Si,49,No,edX
Co-Creating Sustainable Cities,12415,Expert,Social Sciences,English,0,1344,Si,49,No,edX
Introduction to Animal Ethics,6608,Beginner,Philosophy & Ethics,English,0,840,Si,49,No,edX
Grant Writing and Crowdfunding for Public Libraries,12853,Beginner,Humanities,English,0,672,Si,49,No,edX
Leading Ambitious Teaching and Learning,24273,Expert,Education & Teacher Training,English,0,1008,Si,199,No,edX
Introducción a la Estructura de la Materia,11859,Beginner,Chemistry,Spanish,0,672,Si,25,No,edX
"Batteries, Fuel Cells, and their Role in Modern Society",11865,Beginner,Science,English,0,1008,Si,49,No,edX
Communication Skills for Dialoguing Across Difference,60943,Beginner,Communication,English,0,168,Si,25,No,edX
Social Media: How Media Got Social,13616,Beginner,Communication,English,0,672,Si,139,No,edX
"Portfolio Management, Governance, & the PMO",17299,Beginner,Business & Management,English,0,1008,Si,199,No,edX
edX101: Overview of Creating an edX Course,22327,Beginner,Education & Teacher Training,English,0,168,Si,99,No,edX
Data Analysis for Decision Making,8342,Expert,Business & Management,English,0,1176,Si,214,No,edX
UML Class Diagrams for Software Engineering,33710,Beginner,Computer Science,English,0,504,Si,49,No,edX
Driving Digital Innovation through Experimentation,16904,Expert,Computer Science,English,0,1008,Si,399,No,edX
Compilation Basics for Macroeconomic Statistics,6570,Beginner,Data Analysis & Statistics,English,0,672,Si,25,No,edX
Seguridad Vial en América Latina y el Caribe: de la teoría a la acción,20189,Beginner,Engineering,Spanish,0,1680,Si,25,No,edX
From Fossil Resources to Biomass: A Chemistry Perspective,5464,Expert,Energy & Earth Sciences,English,0,840,Si,149,No,edX
System Dynamics for Health Sciences,15157,Intermediate,Medicine,English,0,1512,Si,139,No,edX
Introduction to Psychological Research Methods,17087,Beginner,Humanities,English,0,1176,Si,99,No,edX
Sustainable Packaging in a Circular Economy,6277,Intermediate,Design,English,0,1008,Si,50,No,edX
Design in Healthcare: Using Patient Journey Mapping,17946,Beginner,Design,English,0,1344,Si,129,No,edX
"Electronic, Optical, and Magnetic Properties of Materials",9717,Expert,Engineering,English,0,2520,Si,150,No,edX
La España del Quijote,13277,Beginner,History,Spanish,0,1176,Si,19,No,edX
Risk Management for Projects,22269,Beginner,Business & Management,English,0,840,Si,199,No,edX
Smithsonian’s Objects That Define America,9071,Beginner,Humanities,English,0,840,Si,50,No,edX
Creating Modern China: The Republican Period to the Present,43045,Beginner,History,English,0,2520,Si,139,No,edX
Discover Political Science,6573,Intermediate,Social Sciences,English,0,1680,Si,50,No,edX
Data Science: Inferential Thinking through Simulations,17505,Beginner,Computer Science,English,0,840,Si,199,No,edX
Programming for Data Science,41268,Beginner,Computer Science,English,0,1680,Si,199,No,edX
Sensor Fusion and Non-linear Filtering for Automotive Systems,9709,Expert,Engineering,English,0,1008,Si,299,No,edX
First Nights - Berlioz’s Symphonie Fantastique and Program Music in the 19th Century,8222,Beginner,Humanities,English,0,504,Si,49,No,edX
The Quantum Internet and Quantum Computers: How Will They Change the World?,15014,Beginner,Science,English,0,1008,Si,50,No,edX
Research Methods: An Engineering Approach,20444,Beginner,Engineering,English,0,1344,Si,169,No,edX
Idealismo filosófico y cosmovisiones: cómo hacer mundos con ideas,15349,Beginner,Philosophy & Ethics,Spanish,0,840,Si,49,No,edX
Rise to Leadership: Become a CEO,16719,Intermediate,Business & Management,English,0,672,Si,199,No,edX
Building a Cybersecurity Toolkit,23275,Beginner,Computer Science,English,0,1008,Si,199,No,edX
Life with Diabetes,12318,Beginner,Medicine,English,0,840,Si,139,No,edX
Human Reproduction,5517,Intermediate,Biology & Life Sciences,English,0,1008,Si,169,No,edX
Enabling Technologies for Data Science and Analytics: The Internet of Things,71290,Beginner,Computer Science,English,0,840,Si,99,No,edX
Astrophysics: Exploring Exoplanets,48539,Intermediate,Physics,English,0,1512,Si,50,No,edX
Diseño y Desarrollo de Recursos Multimedia para la Enseñanza Virtual,14266,Intermediate,Humanities,Spanish,0,672,Si,49,No,edX
Introduction to Cloud Foundry and Cloud Native Software Architecture,24444,Beginner,Computer Science,English,0,2352,Si,169,No,edX
The Supreme Court & American Politics,6216,Beginner,Law,English,0,1344,Si,29,No,edX
Inversión Extranjera como Motor del Desarrollo para América Latina y el Caribe,16423,Intermediate,Business & Management,Spanish,0,1680,Si,25,No,edX
Liderazgo en la empresa familiar,10969,Intermediate,Business & Management,Spanish,0,1008,Si,49,No,edX
Comparative Political Systems,6934,Beginner,Social Sciences,English,0,1008,Si,59,No,edX
Cloud Computing for Enterprises,27241,Intermediate,Computer Science,English,0,1344,Si,299,No,edX
Diversity and Social Justice in Social Work,11055,Expert,Social Sciences,English,0,1344,Si,199,No,edX
Public Library Marketing and Public Relations,7525,Beginner,Humanities,English,0,672,Si,49,No,edX
"Healthcare Finance, Economics and Risk",8006,Intermediate,Economics & Finance,English,0,840,Si,199,No,edX
Reacciones Químicas y Cálculos Estequiométricos,8907,Beginner,Chemistry,Spanish,0,1008,Si,49,No,edX
Seeking Women’s Rights: Colonial Period to the Civil War,5157,Intermediate,History,English,0,1680,Si,50,No,edX
VideoX: Creating Video for the edX Platform,12159,Beginner,Education & Teacher Training,English,0,336,Si,99,No,edX
Sustainable Development: The Post-Capitalist Order,7031,Beginner,Economics & Finance,English,0,1344,Si,49,No,edX
"Health Law, Policy, and Advocacy",6358,Intermediate,Law,English,0,840,Si,199,No,edX
Understanding Nuclear Energy,16015,Intermediate,Engineering,English,0,1008,Si,50,No,edX
Cómo Convertirse en un Líder Exitoso (Entrenamiento de Liderazgo Inclusivo),11431,Beginner,Business & Management,Spanish,0,672,Si,50,No,edX
AP® Calculus BC,8542,Beginner,Math,English,0,1848,Si,49,No,edX
Entrepreneurial Opportunities,27182,Beginner,Business & Management,English,0,840,Si,50,No,edX
Agua en América Latina: Abundancia en medio de la escasez mundial,38581,Beginner,Environmental Studies,Spanish,0,1680,Si,25,No,edX
Understanding Political Concepts,7421,Beginner,Social Sciences,English,0,1008,Si,59,No,edX
How to Code: Complex Data,34190,Beginner,Computer Science,English,0,1008,Si,125,No,edX
Hypersonics – from Shock Waves to Scramjets,19043,Expert,Engineering,English,0,672,Si,99,No,edX
Micro and Nanofabrication (MEMS),16094,Expert,Engineering,English,0,1176,Si,199,No,edX
Scientific Methods and Research,7501,Intermediate,Science,English,0,840,Si,49,No,edX
Customer Centric Marketing for Entrepreneurs,14003,Intermediate,Business & Management,English,0,672,Si,149,No,edX
Dog Behavior: Problems and Solutions,16467,Intermediate,Social Sciences,English,0,504,Si,169,No,edX
The Business of Mining,20406,Beginner,Business & Management,English,0,672,Si,139,No,edX
"Social Work Practice in Community Organization, Management and Policy/Evaluation",9522,Expert,Social Sciences,English,0,1344,Si,199,No,edX
Understanding the Australian Health Care System,8343,Beginner,Medicine,English,0,1512,Si,59,No,edX
Age of Sustainable Development,10019,Intermediate,Social Sciences,English,0,2352,Si,49,No,edX
Multi-Object Tracking for Automotive Systems,8581,Expert,Engineering,English,0,1680,Si,249,No,edX
Strategic Leadership in Healthcare,6237,Intermediate,Business & Management,English,0,840,Si,199,No,edX
Terrorism and Counterterrorism: An Introduction,14128,Beginner,Humanities,English,0,504,Si,49,No,edX
Exploring Psychology's Core Concepts|走进心理学,5741,Beginner,Social Sciences,English,0,1008,Si,139,No,edX
Creating Virtual Reality (VR) Apps,22349,Intermediate,Computer Science,English,0,1008,Si,99,No,edX
Dynamics and Control,27763,Beginner,Engineering,English,0,1008,Si,50,No,edX
Finding Your Cybersecurity Career Path,19283,Beginner,Computer Science,English,0,1008,Si,199,No,edX
Introducción a la caligrafía y paleografía en archivos hispanos medievales y modernos,12674,Beginner,Humanities,Spanish,0,1008,Si,29,No,edX
Mechanics: Rotational Dynamics,13183,Intermediate,Physics,English,0,2016,Si,49,No,edX
Liderazgo orientado al florecimiento humano,7911,Beginner,Business & Management,Spanish,0,672,Si,149,No,edX
Software Construction: Object-Oriented Design,23100,Intermediate,Computer Science,English,0,1008,Si,125,No,edX
The Civil War and Reconstruction - 1861 - 1865: A New Birth of Freedom,17941,Beginner,History,English,0,2016,Si,50,No,edX
Designing and Leading Learning Systems,11895,Expert,Education & Teacher Training,English,0,1344,Si,199,No,edX
How the U.S. Government Works & How to Get Involved,5930,Beginner,Social Sciences,English,0,1008,Si,49,No,edX
Inspiring and Motivating Arts and Culture Teams,10817,Beginner,Business & Management,English,0,840,Si,49,No,edX
A System View of Communications: From Signals to Packets (Part 1),34261,Beginner,Computer Science,English,0,1176,Si,60,No,edX
"Invasions, Rebellions, and the Fall of Imperial China",41537,Beginner,History,English,0,2520,Si,139,No,edX
AP® English Literature & Composition – Part 3: Plays,6443,Beginner,Humanities,English,0,1176,Si,49,No,edX
Cómo implantar grupos de mejora de procesos,28100,Beginner,Business & Management,Spanish,0,1344,Si,150,No,edX
Proteins: Biology's Workforce,25893,Intermediate,Biology & Life Sciences,English,0,840,Si,169,No,edX
Introducción a los ritmos y relojes biológicos,6149,Beginner,Science,Spanish,0,672,Si,50,No,edX
"Fundamentals of Biomedical Imaging: Ultrasounds, X-ray, positron emission tomography (PET) and applications",10205,Expert,Engineering,English,0,1176,Si,169,No,edX
Fundamentos de Electromagnetismo para Ingeniería,15040,Beginner,Physics,Spanish,0,1176,Si,49,No,edX
Sustainable Food Systems: A Mediterranean Perspective,6480,Intermediate,Food & Nutrition,English,0,1680,Si,49,No,edX
Using GPUs to Scale and Speed-up Deep Learning,9294,Intermediate,Data Analysis & Statistics,English,0,840,Si,99,No,edX
StudioX: Creating a Course with edX Studio,20355,Beginner,Education & Teacher Training,English,0,504,Si,99,No,edX
Introducción a las ondas gravitacionales,8657,Beginner,Science,Spanish,0,672,Si,50,No,edX
Global China: From the Mongols to the Ming,41902,Beginner,History,English,0,2520,Si,139,No,edX
Computational Neuroscience: Neuronal Dynamics of Cognition,11246,Expert,Biology & Life Sciences,English,0,1008,Si,139,No,edX
Cities and the Challenge of Sustainable Development,8775,Beginner,Environmental Studies,English,0,168,Si,25,No,edX
